Time,TX_Current
0,0.351242
0.00520833333333333,0.584812
0.0104166666666667,0.916027
0.015625,1.35628
0.0208333333333333,1.90835
0.0260416666666667,2.56578
0.03125,3.31433
0.0364583333333333,4.13505
0.0416666666666667,5.00792
0.046875,5.91504
0.0520833333333333,6.84242
0.0572916666666667,7.78049
0.0625,8.72349
0.0677083333333333,9.66835
0.0729166666666667,10.6137
0.078125,11.5588
0.0833333333333333,12.5036
0.0885416666666667,13.4479
0.09375,14.3919
0.0989583333333333,15.3353
0.104166666666667,16.2784
0.109375,17.221
0.114583333333333,18.1633
0.119791666666667,19.1051
0.125,20.0466
0.130208333333333,20.9876
0.135416666666667,21.9283
0.140625,22.8685
0.145833333333333,23.8083
0.151041666666667,24.7477
0.15625,25.6866
0.161458333333333,26.6251
0.166666666666667,27.5632
0.171875,28.5008
0.177083333333333,29.4379
0.182291666666667,30.3747
0.1875,31.3111
0.192708333333333,32.247
0.197916666666667,33.1825
0.203125,34.1176
0.208333333333333,35.0522
0.213541666666667,35.9864
0.21875,36.9201
0.223958333333333,37.8533
0.229166666666667,38.7861
0.234375,39.7184
0.239583333333333,40.6502
0.244791666666667,41.5815
0.25,42.5125
0.255208333333333,43.4429
0.260416666666667,44.3729
0.265625,45.3024
0.270833333333333,46.2314
0.276041666666667,47.1599
0.28125,48.0879
0.286458333333333,49.0155
0.291666666666667,49.9424
0.296875,50.869
0.302083333333333,51.7949
0.307291666666667,52.7204
0.3125,53.6453
0.317708333333333,54.5698
0.322916666666667,55.4938
0.328125,56.4172
0.333333333333333,57.3401
0.338541666666667,58.2624
0.34375,59.1842
0.348958333333333,60.1056
0.354166666666667,61.0263
0.359375,61.9465
0.364583333333333,62.8661
0.369791666666667,63.7851
0.375,64.7036
0.380208333333333,65.6215
0.385416666666667,66.5389
0.390625,67.4557
0.395833333333333,68.372
0.401041666666667,69.2876
0.40625,70.2027
0.411458333333333,71.1172
0.416666666666667,72.0311
0.421875,72.9443
0.427083333333333,73.857
0.432291666666667,74.7691
0.4375,75.6805
0.442708333333333,76.5914
0.447916666666667,77.5017
0.453125,78.4113
0.458333333333333,79.3203
0.463541666666667,80.2287
0.46875,81.1365
0.473958333333333,82.0436
0.479166666666667,82.9501
0.484375,83.856
0.489583333333333,84.7612
0.494791666666667,85.6658
0.5,86.5697
0.505208333333333,87.4729
0.510416666666667,88.3755
0.515625,89.2775
0.520833333333333,90.1788
0.526041666666667,91.0794
0.53125,91.9794
0.536458333333333,92.8786
0.541666666666667,93.7772
0.546875,94.6751
0.552083333333333,95.5723
0.557291666666667,96.4689
0.5625,97.3647
0.567708333333333,98.2598
0.572916666666667,99.1543
0.578125,100.048
0.583333333333333,100.941
0.588541666666667,101.833
0.59375,102.725
0.598958333333333,103.616
0.604166666666667,104.506
0.609375,105.395
0.614583333333333,106.284
0.619791666666667,107.172
0.625,108.059
0.630208333333333,108.946
0.635416666666667,109.831
0.640625,110.716
0.645833333333333,111.601
0.651041666666667,112.484
0.65625,113.367
0.661458333333333,114.249
0.666666666666667,115.13
0.671875,116.01
0.677083333333333,116.89
0.682291666666667,117.769
0.6875,118.647
0.692708333333333,119.524
0.697916666666667,120.401
0.703125,121.276
0.708333333333333,122.151
0.713541666666667,123.025
0.71875,123.899
0.723958333333333,124.771
0.729166666666667,125.643
0.734375,126.514
0.739583333333333,127.384
0.744791666666667,128.253
0.75,129.122
0.755208333333333,129.989
0.760416666666667,130.856
0.765625,131.722
0.770833333333333,132.587
0.776041666666667,133.451
0.78125,134.315
0.786458333333333,135.177
0.791666666666667,136.039
0.796875,136.9
0.802083333333333,137.76
0.807291666666667,138.619
0.8125,139.477
0.817708333333333,140.335
0.822916666666667,141.191
0.828125,142.047
0.833333333333333,142.902
0.838541666666667,143.756
0.84375,144.609
0.848958333333333,145.461
0.854166666666667,146.312
0.859375,147.162
0.864583333333333,148.012
0.869791666666667,148.86
0.875,149.708
0.880208333333333,150.554
0.885416666666667,151.4
0.890625,152.245
0.895833333333333,153.089
0.901041666666667,153.932
0.90625,154.774
0.911458333333333,155.615
0.916666666666667,156.456
0.921875,157.295
0.927083333333333,158.133
0.932291666666667,158.971
0.9375,159.807
0.942708333333333,160.643
0.947916666666667,161.477
0.953125,162.311
0.958333333333333,163.144
0.963541666666667,163.975
0.96875,164.806
0.973958333333333,165.636
0.979166666666667,166.464
0.984375,167.292
0.989583333333333,168.119
0.994791666666667,168.945
1,169.77
1.00520833333333,170.593
1.01041666666667,171.416
1.015625,172.238
1.02083333333333,173.059
1.02604166666667,173.879
1.03125,174.698
1.03645833333333,175.515
1.04166666666667,176.332
1.046875,177.148
1.05208333333333,177.963
1.05729166666667,178.777
1.0625,179.589
1.06770833333333,180.401
1.07291666666667,181.212
1.078125,182.021
1.08333333333333,182.83
1.08854166666667,183.637
1.09375,184.444
1.09895833333333,185.249
1.10416666666667,186.054
1.109375,186.857
1.11458333333333,187.659
1.11979166666667,188.461
1.125,189.261
1.13020833333333,190.06
1.13541666666667,190.858
1.140625,191.655
1.14583333333333,192.451
1.15104166666667,193.245
1.15625,194.039
1.16145833333333,194.832
1.16666666666667,195.623
1.171875,196.414
1.17708333333333,197.203
1.18229166666667,197.991
1.1875,198.778
1.19270833333333,199.564
1.19791666666667,200.349
1.203125,201.133
1.20833333333333,201.916
1.21354166666667,202.697
1.21875,203.478
1.22395833333333,204.257
1.22916666666667,205.035
1.234375,205.812
1.23958333333333,206.588
1.24479166666667,207.363
1.25,208.137
1.25520833333333,208.909
1.26041666666667,209.681
1.265625,210.451
1.27083333333333,211.22
1.27604166666667,211.988
1.28125,212.754
1.28645833333333,213.52
1.29166666666667,214.284
1.296875,215.048
1.30208333333333,215.81
1.30729166666667,216.571
1.3125,217.33
1.31770833333333,218.089
1.32291666666667,218.846
1.328125,219.603
1.33333333333333,220.358
1.33854166666667,221.111
1.34375,221.864
1.34895833333333,222.615
1.35416666666667,223.366
1.359375,224.115
1.36458333333333,224.862
1.36979166666667,225.609
1.375,226.354
1.38020833333333,227.099
1.38541666666667,227.842
1.390625,228.583
1.39583333333333,229.324
1.40104166666667,230.063
1.40625,230.801
1.41145833333333,231.538
1.41666666666667,232.274
1.421875,233.008
1.42708333333333,233.741
1.43229166666667,234.473
1.4375,235.204
1.44270833333333,235.933
1.44791666666667,236.661
1.453125,237.388
1.45833333333333,238.113
1.46354166666667,238.838
1.46875,239.561
1.47395833333333,240.283
1.47916666666667,241.003
1.484375,241.723
1.48958333333333,242.441
1.49479166666667,243.158
1.5,243.873
1.50520833333333,244.588
1.51041666666667,245.3
1.515625,246.012
1.52083333333333,246.722
1.52604166666667,247.432
1.53125,248.139
1.53645833333333,248.845
1.54166666666667,249.551
1.546875,250.254
1.55208333333333,250.957
1.55729166666667,251.658
1.5625,252.358
1.56770833333333,253.057
1.57291666666667,253.754
1.578125,254.45
1.58333333333333,255.145
1.58854166666667,255.839
1.59375,256.53
1.59895833333333,257.221
1.60416666666667,257.91
1.609375,258.598
1.61458333333333,259.285
1.61979166666667,259.97
1.625,260.654
1.63020833333333,261.337
1.63541666666667,262.018
1.640625,262.698
1.64583333333333,263.377
1.65104166666667,264.054
1.65625,264.73
1.66145833333333,265.404
1.66666666666667,266.077
1.671875,266.749
1.67708333333333,267.42
1.68229166666667,268.089
1.6875,268.757
1.69270833333333,269.423
1.69791666666667,270.088
1.703125,270.751
1.70833333333333,271.414
1.71354166666667,272.074
1.71875,272.734
1.72395833333333,273.392
1.72916666666667,274.048
1.734375,274.704
1.73958333333333,275.357
1.74479166666667,276.01
1.75,276.661
1.75520833333333,277.31
1.76041666666667,277.959
1.765625,278.605
1.77083333333333,279.251
1.77604166666667,279.895
1.78125,280.537
1.78645833333333,281.179
1.79166666666667,281.818
1.796875,282.456
1.80208333333333,283.093
1.80729166666667,283.729
1.8125,284.363
1.81770833333333,284.995
1.82291666666667,285.627
1.828125,286.256
1.83333333333333,286.884
1.83854166666667,287.511
1.84375,288.137
1.84895833333333,288.76
1.85416666666667,289.383
1.859375,290.004
1.86458333333333,290.624
1.86979166666667,291.242
1.875,291.858
1.88020833333333,292.474
1.88541666666667,293.087
1.890625,293.699
1.89583333333333,294.31
1.90104166666667,294.92
1.90625,295.527
1.91145833333333,296.134
1.91666666666667,296.739
1.921875,297.342
1.92708333333333,297.944
1.93229166666667,298.544
1.9375,299.144
1.94270833333333,299.741
1.94791666666667,300.337
1.953125,300.931
1.95833333333333,301.524
1.96354166666667,302.116
1.96875,302.706
1.97395833333333,303.294
1.97916666666667,303.882
1.984375,304.467
1.98958333333333,305.051
1.99479166666667,305.633
2,306.214
2.00520833333333,306.794
2.01041666666667,307.372
2.015625,307.948
2.02083333333333,308.523
2.02604166666667,309.097
2.03125,309.668
2.03645833333333,310.239
2.04166666666667,310.808
2.046875,311.375
2.05208333333333,311.941
2.05729166666667,312.505
2.0625,313.068
2.06770833333333,313.629
2.07291666666667,314.189
2.078125,314.746
2.08333333333333,315.303
2.08854166666667,315.858
2.09375,316.412
2.09895833333333,316.963
2.10416666666667,317.514
2.109375,318.063
2.11458333333333,318.61
2.11979166666667,319.155
2.125,319.699
2.13020833333333,320.242
2.13541666666667,320.783
2.140625,321.322
2.14583333333333,321.861
2.15104166666667,322.397
2.15625,322.931
2.16145833333333,323.464
2.16666666666667,323.996
2.171875,324.526
2.17708333333333,325.054
2.18229166666667,325.581
2.1875,326.107
2.19270833333333,326.63
2.19791666666667,327.152
2.203125,327.673
2.20833333333333,328.192
2.21354166666667,328.709
2.21875,329.225
2.22395833333333,329.739
2.22916666666667,330.252
2.234375,330.763
2.23958333333333,331.272
2.24479166666667,331.78
2.25,332.286
2.25520833333333,332.79
2.26041666666667,333.293
2.265625,333.795
2.27083333333333,334.294
2.27604166666667,334.792
2.28125,335.289
2.28645833333333,335.784
2.29166666666667,336.277
2.296875,336.769
2.30208333333333,337.259
2.30729166666667,337.747
2.3125,338.234
2.31770833333333,338.719
2.32291666666667,339.203
2.328125,339.685
2.33333333333333,340.165
2.33854166666667,340.643
2.34375,341.12
2.34895833333333,341.596
2.35416666666667,342.069
2.359375,342.542
2.36458333333333,343.012
2.36979166666667,343.481
2.375,343.948
2.38020833333333,344.414
2.38541666666667,344.877
2.390625,345.34
2.39583333333333,345.8
2.40104166666667,346.26
2.40625,346.717
2.41145833333333,347.172
2.41666666666667,347.626
2.421875,348.079
2.42708333333333,348.53
2.43229166666667,348.979
2.4375,349.426
2.44270833333333,349.872
2.44791666666667,350.315
2.453125,350.758
2.45833333333333,351.199
2.46354166666667,351.638
2.46875,352.075
2.47395833333333,352.511
2.47916666666667,352.945
2.484375,353.377
2.48958333333333,353.808
2.49479166666667,354.237
2.5,354.664
2.50520833333333,355.09
2.51041666666667,355.514
2.515625,355.936
2.52083333333333,356.357
2.52604166666667,356.776
2.53125,357.194
2.53645833333333,357.61
2.54166666666667,358.025
2.546875,358.438
2.55208333333333,358.85
2.55729166666667,359.261
2.5625,359.671
2.56770833333333,360.08
2.57291666666667,360.487
2.578125,360.894
2.58333333333333,361.3
2.58854166666667,361.704
2.59375,362.109
2.59895833333333,362.512
2.60416666666667,362.915
2.609375,363.317
2.61458333333333,363.719
2.61979166666667,364.121
2.625,364.522
2.63020833333333,364.923
2.63541666666667,365.325
2.640625,365.726
2.64583333333333,366.127
2.65104166666667,366.527
2.65625,366.928
2.66145833333333,367.329
2.66666666666667,367.73
2.671875,368.13
2.67708333333333,368.531
2.68229166666667,368.932
2.6875,369.332
2.69270833333333,369.733
2.69791666666667,370.134
2.703125,370.535
2.70833333333333,370.936
2.71354166666667,371.336
2.71875,371.736
2.72395833333333,372.137
2.72916666666667,372.536
2.734375,372.937
2.73958333333333,373.336
2.74479166666667,373.735
2.75,374.134
2.75520833333333,374.533
2.76041666666667,374.931
2.765625,375.329
2.77083333333333,375.726
2.77604166666667,376.123
2.78125,376.52
2.78645833333333,376.916
2.79166666666667,377.311
2.796875,377.707
2.80208333333333,378.102
2.80729166666667,378.496
2.8125,378.89
2.81770833333333,379.283
2.82291666666667,379.676
2.828125,380.069
2.83333333333333,380.462
2.83854166666667,380.854
2.84375,381.245
2.84895833333333,381.636
2.85416666666667,382.026
2.859375,382.417
2.86458333333333,382.807
2.86979166666667,383.196
2.875,383.585
2.88020833333333,383.974
2.88541666666667,384.362
2.890625,384.751
2.89583333333333,385.139
2.90104166666667,385.527
2.90625,385.914
2.91145833333333,386.301
2.91666666666667,386.688
2.921875,387.074
2.92708333333333,387.46
2.93229166666667,387.846
2.9375,388.232
2.94270833333333,388.617
2.94791666666667,389.002
2.953125,389.387
2.95833333333333,389.772
2.96354166666667,390.156
2.96875,390.54
2.97395833333333,390.923
2.97916666666667,391.307
2.984375,391.69
2.98958333333333,392.072
2.99479166666667,392.455
3,392.837
3.00520833333333,393.219
3.01041666666667,393.6
3.015625,393.981
3.02083333333333,394.362
3.02604166666667,394.742
3.03125,395.123
3.03645833333333,395.502
3.04166666666667,395.882
3.046875,396.261
3.05208333333333,396.64
3.05729166666667,397.018
3.0625,397.396
3.06770833333333,397.774
3.07291666666667,398.151
3.078125,398.528
3.08333333333333,398.905
3.08854166666667,399.281
3.09375,399.657
3.09895833333333,400.033
3.10416666666667,400.408
3.109375,400.783
3.11458333333333,401.158
3.11979166666667,401.533
3.125,401.907
3.13020833333333,402.28
3.13541666666667,402.654
3.140625,403.026
3.14583333333333,403.399
3.15104166666667,403.771
3.15625,404.144
3.16145833333333,404.516
3.16666666666667,404.887
3.171875,405.258
3.17708333333333,405.629
3.18229166666667,405.999
3.1875,406.369
3.19270833333333,406.739
3.19791666666667,407.109
3.203125,407.478
3.20833333333333,407.847
3.21354166666667,408.215
3.21875,408.583
3.22395833333333,408.952
3.22916666666667,409.319
3.234375,409.686
3.23958333333333,410.053
3.24479166666667,410.42
3.25,410.786
3.25520833333333,411.152
3.26041666666667,411.518
3.265625,411.883
3.27083333333333,412.248
3.27604166666667,412.613
3.28125,412.977
3.28645833333333,413.341
3.29166666666667,413.705
3.296875,414.067
3.30208333333333,414.429
3.30729166666667,414.788
3.3125,415.14
3.31770833333333,415.478
3.32291666666667,415.793
3.328125,416.067
3.33333333333333,416.283
3.33854166666667,416.417
3.34375,416.449
3.34895833333333,416.366
3.35416666666667,416.163
3.359375,415.845
3.36458333333333,415.427
3.36979166666667,414.931
3.375,414.38
3.38020833333333,413.796
3.38541666666667,413.194
3.390625,412.586
3.39583333333333,411.976
3.40104166666667,411.364
3.40625,410.748
3.41145833333333,410.126
3.41666666666667,409.497
3.421875,408.86
3.42708333333333,408.215
3.43229166666667,407.566
3.4375,406.915
3.44270833333333,406.265
3.44791666666667,405.619
3.453125,404.976
3.45833333333333,404.337
3.46354166666667,403.699
3.46875,403.061
3.47395833333333,402.419
3.47916666666667,401.772
3.484375,401.118
3.48958333333333,400.459
3.49479166666667,399.795
3.5,399.128
3.50520833333333,398.46
3.51041666666667,397.794
3.515625,397.131
3.52083333333333,396.47
3.52604166666667,395.812
3.53125,395.153
3.53645833333333,394.493
3.54166666666667,393.828
3.546875,393.159
3.55208333333333,392.484
3.55729166666667,391.805
3.5625,391.122
3.56770833333333,390.437
3.57291666666667,389.752
3.578125,389.068
3.58333333333333,388.386
3.58854166666667,387.706
3.59375,387.026
3.59895833333333,386.346
3.60416666666667,385.664
3.609375,384.978
3.61458333333333,384.289
3.61979166666667,383.595
3.625,382.897
3.63020833333333,382.197
3.63541666666667,381.495
3.640625,380.793
3.64583333333333,380.092
3.65104166666667,379.391
3.65625,378.691
3.66145833333333,377.991
3.66666666666667,377.29
3.671875,376.586
3.67708333333333,375.88
3.68229166666667,375.17
3.6875,374.457
3.69270833333333,373.742
3.69791666666667,373.024
3.703125,372.306
3.70833333333333,371.587
3.71354166666667,370.869
3.71875,370.151
3.72395833333333,369.432
3.72916666666667,368.713
3.734375,367.992
3.73958333333333,367.269
3.74479166666667,366.543
3.75,365.814
3.75520833333333,365.083
3.76041666666667,364.349
3.765625,363.614
3.77083333333333,362.879
3.77604166666667,362.143
3.78125,361.407
3.78645833333333,360.671
3.79166666666667,359.935
3.796875,359.197
3.80208333333333,358.458
3.80729166666667,357.716
3.8125,356.972
3.81770833333333,356.226
3.82291666666667,355.477
3.828125,354.727
3.83333333333333,353.975
3.83854166666667,353.223
3.84375,352.47
3.84895833333333,351.717
3.85416666666667,350.963
3.859375,350.209
3.86458333333333,349.453
3.86979166666667,348.696
3.875,347.937
3.88020833333333,347.176
3.88541666666667,346.413
3.890625,345.647
3.89583333333333,344.881
3.90104166666667,344.113
3.90625,343.345
3.91145833333333,342.576
3.91666666666667,341.806
3.921875,341.035
3.92708333333333,340.264
3.93229166666667,339.491
3.9375,338.717
3.94270833333333,337.94
3.94791666666667,337.162
3.953125,336.383
3.95833333333333,335.601
3.96354166666667,334.819
3.96875,334.036
3.97395833333333,333.252
3.97916666666667,332.467
3.984375,331.681
3.98958333333333,330.894
3.99479166666667,330.107
4,329.318
4.00520833333333,328.527
4.01041666666667,327.735
4.015625,326.941
4.02083333333333,326.145
4.02604166666667,325.349
4.03125,324.551
4.03645833333333,323.752
4.04166666666667,322.952
4.046875,322.152
4.05208333333333,321.351
4.05729166666667,320.549
4.0625,319.745
4.06770833333333,318.941
4.07291666666667,318.135
4.078125,317.328
4.08333333333333,316.518
4.08854166666667,315.708
4.09375,314.897
4.09895833333333,314.084
4.10416666666667,313.27
4.109375,312.456
4.11458333333333,311.641
4.11979166666667,310.825
4.125,310.008
4.13020833333333,309.189
4.13541666666667,308.37
4.140625,307.549
4.14583333333333,306.727
4.15104166666667,305.903
4.15625,305.079
4.16145833333333,304.253
4.16666666666667,303.427
4.171875,302.599
4.17708333333333,301.771
4.18229166666667,300.941
4.1875,300.111
4.19270833333333,299.28
4.19791666666667,298.447
4.203125,297.613
4.20833333333333,296.778
4.21354166666667,295.942
4.21875,295.105
4.22395833333333,294.267
4.22916666666667,293.428
4.234375,292.587
4.23958333333333,291.746
4.24479166666667,290.904
4.25,290.061
4.25520833333333,289.218
4.26041666666667,288.373
4.265625,287.527
4.27083333333333,286.68
4.27604166666667,285.832
4.28125,284.982
4.28645833333333,284.132
4.29166666666667,283.281
4.296875,282.428
4.30208333333333,281.575
4.30729166666667,280.721
4.3125,279.866
4.31770833333333,279.011
4.32291666666667,278.154
4.328125,277.296
4.33333333333333,276.438
4.33854166666667,275.578
4.34375,274.717
4.34895833333333,273.855
4.35416666666667,272.993
4.359375,272.129
4.36458333333333,271.264
4.36979166666667,270.399
4.375,269.533
4.38020833333333,268.666
4.38541666666667,267.798
4.390625,266.929
4.39583333333333,266.059
4.40104166666667,265.188
4.40625,264.317
4.41145833333333,263.444
4.41666666666667,262.57
4.421875,261.696
4.42708333333333,260.821
4.43229166666667,259.944
4.4375,259.067
4.44270833333333,258.19
4.44791666666667,257.311
4.453125,256.432
4.45833333333333,255.551
4.46354166666667,254.67
4.46875,253.788
4.47395833333333,252.905
4.47916666666667,252.021
4.484375,251.136
4.48958333333333,250.251
4.49479166666667,249.364
4.5,248.477
4.50520833333333,247.589
4.51041666666667,246.701
4.515625,245.811
4.52083333333333,244.921
4.52604166666667,244.03
4.53125,243.138
4.53645833333333,242.245
4.54166666666667,241.352
4.546875,240.457
4.55208333333333,239.562
4.55729166666667,238.666
4.5625,237.77
4.56770833333333,236.872
4.57291666666667,235.974
4.578125,235.075
4.58333333333333,234.176
4.58854166666667,233.275
4.59375,232.374
4.59895833333333,231.472
4.60416666666667,230.57
4.609375,229.666
4.61458333333333,228.762
4.61979166666667,227.857
4.625,226.952
4.63020833333333,226.045
4.63541666666667,225.138
4.640625,224.231
4.64583333333333,223.322
4.65104166666667,222.413
4.65625,221.504
4.66145833333333,220.593
4.66666666666667,219.682
4.671875,218.77
4.67708333333333,217.858
4.68229166666667,216.944
4.6875,216.031
4.69270833333333,215.116
4.69791666666667,214.201
4.703125,213.285
4.70833333333333,212.369
4.71354166666667,211.451
4.71875,210.534
4.72395833333333,209.615
4.72916666666667,208.696
4.734375,207.776
4.73958333333333,206.856
4.74479166666667,205.935
4.75,205.013
4.75520833333333,204.091
4.76041666666667,203.168
4.765625,202.245
4.77083333333333,201.321
4.77604166666667,200.396
4.78125,199.471
4.78645833333333,198.545
4.79166666666667,197.619
4.796875,196.692
4.80208333333333,195.765
4.80729166666667,194.836
4.8125,193.908
4.81770833333333,192.978
4.82291666666667,192.049
4.828125,191.118
4.83333333333333,190.187
4.83854166666667,189.256
4.84375,188.324
4.84895833333333,187.391
4.85416666666667,186.458
4.859375,185.525
4.86458333333333,184.591
4.86979166666667,183.656
4.875,182.721
4.88020833333333,181.785
4.88541666666667,180.849
4.890625,179.912
4.89583333333333,178.975
4.90104166666667,178.037
4.90625,177.099
4.91145833333333,176.16
4.91666666666667,175.221
4.921875,174.282
4.92708333333333,173.342
4.93229166666667,172.401
4.9375,171.46
4.94270833333333,170.518
4.94791666666667,169.576
4.953125,168.634
4.95833333333333,167.691
4.96354166666667,166.748
4.96875,165.804
4.97395833333333,164.86
4.97916666666667,163.915
4.984375,162.97
4.98958333333333,162.025
4.99479166666667,161.079
5,160.132
5.00520833333333,159.186
5.01041666666667,158.239
5.015625,157.291
5.02083333333333,156.343
5.02604166666667,155.395
5.03125,154.446
5.03645833333333,153.497
5.04166666666667,152.547
5.046875,151.598
5.05208333333333,150.647
5.05729166666667,149.697
5.0625,148.746
5.06770833333333,147.794
5.07291666666667,146.843
5.078125,145.891
5.08333333333333,144.938
5.08854166666667,143.986
5.09375,143.033
5.09895833333333,142.079
5.10416666666667,141.126
5.109375,140.172
5.11458333333333,139.217
5.11979166666667,138.262
5.125,137.307
5.13020833333333,136.352
5.13541666666667,135.397
5.140625,134.441
5.14583333333333,133.485
5.15104166666667,132.528
5.15625,131.571
5.16145833333333,130.614
5.16666666666667,129.657
5.171875,128.699
5.17708333333333,127.741
5.18229166666667,126.783
5.1875,125.825
5.19270833333333,124.866
5.19791666666667,123.907
5.203125,122.948
5.20833333333333,121.989
5.21354166666667,121.029
5.21875,120.069
5.22395833333333,119.109
5.22916666666667,118.149
5.234375,117.188
5.23958333333333,116.228
5.24479166666667,115.267
5.25,114.305
5.25520833333333,113.344
5.26041666666667,112.382
5.265625,111.421
5.27083333333333,110.459
5.27604166666667,109.497
5.28125,108.534
5.28645833333333,107.572
5.29166666666667,106.609
5.296875,105.646
5.30208333333333,104.683
5.30729166666667,103.72
5.3125,102.757
5.31770833333333,101.793
5.32291666666667,100.829
5.328125,99.8657
5.33333333333333,98.9017
5.33854166666667,97.9376
5.34375,96.9734
5.34895833333333,96.0092
5.35416666666667,95.0447
5.359375,94.0801
5.36458333333333,93.1154
5.36979166666667,92.1507
5.375,91.1858
5.38020833333333,90.2208
5.38541666666667,89.2557
5.390625,88.2905
5.39583333333333,87.3252
5.40104166666667,86.3599
5.40625,85.3945
5.41145833333333,84.429
5.41666666666667,83.4635
5.421875,82.4978
5.42708333333333,81.5321
5.43229166666667,80.5663
5.4375,79.6006
5.44270833333333,78.6346
5.44791666666667,77.6688
5.453125,76.7028
5.45833333333333,75.7369
5.46354166666667,74.7709
5.46875,73.8048
5.47395833333333,72.8388
5.47916666666667,71.8727
5.484375,70.9065
5.48958333333333,69.9405
5.49479166666667,68.9744
5.5,68.0083
5.50520833333333,67.0422
5.51041666666667,66.0761
5.515625,65.11
5.52083333333333,64.144
5.52604166666667,63.1779
5.53125,62.2119
5.53645833333333,61.2459
5.54166666666667,60.28
5.546875,59.3141
5.55208333333333,58.3482
5.55729166666667,57.3824
5.5625,56.4166
5.56770833333333,55.4509
5.57291666666667,54.4853
5.578125,53.5197
5.58333333333333,52.5541
5.58854166666667,51.5887
5.59375,50.6233
5.59895833333333,49.658
5.60416666666667,48.6929
5.609375,47.7277
5.61458333333333,46.7627
5.61979166666667,45.7978
5.625,44.833
5.63020833333333,43.8683
5.63541666666667,42.9037
5.640625,41.9393
5.64583333333333,40.9749
5.65104166666667,40.0107
5.65625,39.0466
5.66145833333333,38.0827
5.66666666666667,37.1188
5.671875,36.1552
5.67708333333333,35.1917
5.68229166666667,34.2283
5.6875,33.2651
5.69270833333333,32.3021
5.69791666666667,31.3392
5.703125,30.3766
5.70833333333333,29.414
5.71354166666667,28.4517
5.71875,27.4895
5.72395833333333,26.5276
5.72916666666667,25.5658
5.734375,24.6043
5.73958333333333,23.6429
5.74479166666667,22.6818
5.75,21.7209
5.75520833333333,20.7602
5.76041666666667,19.7997
5.765625,18.8395
5.77083333333333,17.8795
5.77604166666667,16.9198
5.78125,15.9603
5.78645833333333,15.001
5.79166666666667,14.0421
5.796875,13.0835
5.80208333333333,12.1252
5.80729166666667,11.1678
5.8125,10.2118
5.81770833333333,9.25885
5.82291666666667,8.31198
5.828125,7.37632
5.83333333333333,6.45972
5.83854166666667,5.57289
5.84375,4.72895
5.84895833333333,3.94218
5.85416666666667,3.22615
5.859375,2.59169
5.86458333333333,2.04525
5.86979166666667,1.58795
5.875,1.21572
5.88020833333333,0.920349
5.88541666666667,0.691048
5.890625,0.51613
5.89583333333333,0.384398
5.90104166666667,0.286019
5.90625,0.212893
5.91145833333333,0.158649
5.91666666666667,0.118425
5.921875,0.0885733
5.92708333333333,0.0663884
5.93229166666667,0.0498681
5.9375,0.0375348
5.94270833333333,0.0282977
5.94791666666667,0.0213516
5.953125,0.0161024
5.95833333333333,0.0121112
5.96354166666667,0.0090541
5.96875,0.00669174
5.97395833333333,0.00484727
5.97916666666667,0.00338997
5.984375,0.00222314
5.98958333333333,0.00127522
5.99479166666667,0.000493151
6,-0.000162411
6.00520833333333,-0.000720713
6.01041666666667,-0.00120353
6.015625,-0.00162709
6.02083333333333,-0.00200355
6.02604166666667,-0.00234198
6.03125,-0.00264921
6.03645833333333,-0.00293036
6.04166666666667,-0.00318932
6.046875,-0.00342902
6.05208333333333,-0.00365171
6.05729166666667,-0.00385916
6.0625,-0.00405275
6.06770833333333,-0.00423362
6.07291666666667,-0.00440274
6.078125,-0.00456099
6.08333333333333,-0.00470915
6.08854166666667,-0.00484801
6.09375,-0.00497827
6.09895833333333,-0.00510065
6.10416666666667,-0.00521573
6.109375,-0.00532404
6.11458333333333,-0.00542603
6.11979166666667,-0.00552198
6.125,-0.0056121
6.13020833333333,-0.00569651
6.13541666666667,-0.00577524
6.140625,-0.0058483
6.14583333333333,-0.00591567
6.15104166666667,-0.00597735
6.15625,-0.00603341
6.16145833333333,-0.00608395
6.16666666666667,-0.00612917
6.171875,-0.00616932
6.17708333333333,-0.00620475
6.18229166666667,-0.00623588
6.1875,-0.00626314
6.19270833333333,-0.006287
6.19791666666667,-0.00630793
6.203125,-0.00632638
6.20833333333333,-0.00634276
6.21354166666667,-0.00635741
6.21875,-0.00637064
6.22395833333333,-0.00638269
6.22916666666667,-0.00639375
6.234375,-0.00640398
6.23958333333333,-0.0064135
6.24479166666667,-0.0064224
6.25,-0.00643075
6.25520833333333,-0.00643862
6.26041666666667,-0.00644606
6.265625,-0.00645314
6.27083333333333,-0.00645989
6.27604166666667,-0.00646635
6.28125,-0.00647256
6.28645833333333,-0.00647853
6.29166666666667,-0.00648429
6.296875,-0.00648984
6.30208333333333,-0.00649519
6.30729166666667,-0.00650034
6.3125,-0.00650528
6.31770833333333,-0.00651003
6.32291666666667,-0.0065146
6.328125,-0.00651899
6.33333333333333,-0.00652325
6.33854166666667,-0.00652736
6.34375,-0.00653134
6.34895833333333,-0.00653522
6.35416666666667,-0.00653899
6.359375,-0.00654265
6.36458333333333,-0.00654621
6.36979166666667,-0.00654965
6.375,-0.00655298
6.38020833333333,-0.0065562
6.38541666666667,-0.00655932
6.390625,-0.00656232
6.39583333333333,-0.00656523
6.40104166666667,-0.00656806
6.40625,-0.0065708
6.41145833333333,-0.00657348
6.41666666666667,-0.00657608
6.421875,-0.00657862
6.42708333333333,-0.00658111
6.43229166666667,-0.00658354
6.4375,-0.00658591
6.44270833333333,-0.00658821
6.44791666666667,-0.00659045
6.453125,-0.00659263
6.45833333333333,-0.00659474
6.46354166666667,-0.0065968
6.46875,-0.0065988
6.47395833333333,-0.00660077
6.47916666666667,-0.0066027
6.484375,-0.0066046
6.48958333333333,-0.00660649
6.49479166666667,-0.00660835
6.5,-0.00661018
6.50520833333333,-0.00661198
6.51041666666667,-0.00661374
6.515625,-0.00661547
6.52083333333333,-0.00661716
6.52604166666667,-0.0066188
6.53125,-0.0066204
6.53645833333333,-0.00662197
6.54166666666667,-0.0066235
6.546875,-0.00662501
6.55208333333333,-0.0066265
6.55729166666667,-0.00662797
6.5625,-0.00662941
6.56770833333333,-0.00663083
6.57291666666667,-0.00663222
6.578125,-0.00663357
6.58333333333333,-0.0066349
6.58854166666667,-0.00663619
6.59375,-0.00663746
6.59895833333333,-0.00663868
6.60416666666667,-0.00663989
6.609375,-0.00664107
6.61458333333333,-0.00664223
6.61979166666667,-0.00664338
6.625,-0.00664452
6.63020833333333,-0.00664565
6.63541666666667,-0.00664676
6.640625,-0.00664788
6.64583333333333,-0.00664898
6.65104166666667,-0.00665008
6.65625,-0.00665116
6.66145833333333,-0.00665223
6.66666666666667,-0.00665328
6.671875,-0.00665432
6.67708333333333,-0.00665533
6.68229166666667,-0.00665632
6.6875,-0.00665727
6.69270833333333,-0.0066582
6.69791666666667,-0.00665908
6.703125,-0.00665994
6.70833333333333,-0.00666078
6.71354166666667,-0.00666161
6.71875,-0.00666243
6.72395833333333,-0.00666326
6.72916666666667,-0.00666409
6.734375,-0.00666493
6.73958333333333,-0.00666577
6.74479166666667,-0.00666661
6.75,-0.00666745
6.75520833333333,-0.00666829
6.76041666666667,-0.00666911
6.765625,-0.00666993
6.77083333333333,-0.00667073
6.77604166666667,-0.00667152
6.78125,-0.00667229
6.78645833333333,-0.00667304
6.79166666666667,-0.00667379
6.796875,-0.00667453
6.80208333333333,-0.00667526
6.80729166666667,-0.00667599
6.8125,-0.00667671
6.81770833333333,-0.00667742
6.82291666666667,-0.00667811
6.828125,-0.00667879
6.83333333333333,-0.00667945
6.83854166666667,-0.00668009
6.84375,-0.00668072
6.84895833333333,-0.00668133
6.85416666666667,-0.00668192
6.859375,-0.0066825
6.86458333333333,-0.00668308
6.86979166666667,-0.00668365
6.875,-0.00668422
6.88020833333333,-0.00668478
6.88541666666667,-0.00668533
6.890625,-0.00668586
6.89583333333333,-0.00668638
6.90104166666667,-0.00668689
6.90625,-0.00668737
6.91145833333333,-0.00668785
6.91666666666667,-0.00668831
6.921875,-0.00668876
6.92708333333333,-0.00668921
6.93229166666667,-0.00668966
6.9375,-0.00669009
6.94270833333333,-0.00669053
6.94791666666667,-0.00669095
6.953125,-0.00669137
6.95833333333333,-0.00669177
6.96354166666667,-0.00669218
6.96875,-0.00669258
6.97395833333333,-0.00669298
6.97916666666667,-0.00669337
6.984375,-0.00669376
6.98958333333333,-0.00669413
6.99479166666667,-0.00669451
7,-0.00669487
7.00520833333333,-0.00669524
7.01041666666667,-0.00669561
7.015625,-0.00669598
7.02083333333333,-0.00669635
7.02604166666667,-0.00669671
7.03125,-0.00669707
7.03645833333333,-0.00669741
7.04166666666667,-0.00669775
7.046875,-0.00669807
7.05208333333333,-0.00669838
7.05729166666667,-0.00669868
7.0625,-0.00669898
7.06770833333333,-0.00669926
7.07291666666667,-0.00669954
7.078125,-0.0066998
7.08333333333333,-0.00670006
7.08854166666667,-0.0067003
7.09375,-0.00670053
7.09895833333333,-0.00670073
7.10416666666667,-0.00670093
7.109375,-0.00670111
7.11458333333333,-0.00670128
7.11979166666667,-0.00670145
7.125,-0.00670161
7.13020833333333,-0.00670178
7.13541666666667,-0.00670195
7.140625,-0.00670212
7.14583333333333,-0.0067023
7.15104166666667,-0.00670247
7.15625,-0.00670263
7.16145833333333,-0.00670279
7.16666666666667,-0.00670294
7.171875,-0.00670308
7.17708333333333,-0.00670322
7.18229166666667,-0.00670335
7.1875,-0.00670347
7.19270833333333,-0.00670359
7.19791666666667,-0.00670371
7.203125,-0.00670383
7.20833333333333,-0.00670394
7.21354166666667,-0.00670405
7.21875,-0.00670416
7.22395833333333,-0.00670429
7.22916666666667,-0.0067044
7.234375,-0.00670452
7.23958333333333,-0.00670463
7.24479166666667,-0.00670474
7.25,-0.00670484
7.25520833333333,-0.00670492
7.26041666666667,-0.006705
7.265625,-0.00670506
7.27083333333333,-0.00670509
7.27604166666667,-0.0067051
7.28125,-0.00670508
7.28645833333333,-0.00670505
7.29166666666667,-0.006705
7.296875,-0.00670495
7.30208333333333,-0.00670489
7.30729166666667,-0.00670484
7.3125,-0.00670478
7.31770833333333,-0.00670473
7.32291666666667,-0.00670468
7.328125,-0.00670464
7.33333333333333,-0.0067046
7.33854166666667,-0.00670456
7.34375,-0.00670454
7.34895833333333,-0.00670451
7.35416666666667,-0.00670449
7.359375,-0.00670446
7.36458333333333,-0.00670444
7.36979166666667,-0.00670441
7.375,-0.00670438
7.38020833333333,-0.00670436
7.38541666666667,-0.00670432
7.390625,-0.00670428
7.39583333333333,-0.00670422
7.40104166666667,-0.00670416
7.40625,-0.00670409
7.41145833333333,-0.006704
7.41666666666667,-0.00670391
7.421875,-0.00670382
7.42708333333333,-0.00670373
7.43229166666667,-0.00670363
7.4375,-0.00670353
7.44270833333333,-0.00670341
7.44791666666667,-0.0067033
7.453125,-0.00670318
7.45833333333333,-0.00670305
7.46354166666667,-0.00670291
7.46875,-0.00670276
7.47395833333333,-0.00670262
7.47916666666667,-0.00670246
7.484375,-0.0067023
7.48958333333333,-0.00670213
7.49479166666667,-0.00670199
7.5,-0.00670184
7.50520833333333,-0.0067017
7.51041666666667,-0.00670159
7.515625,-0.00670148
7.52083333333333,-0.00670138
7.52604166666667,-0.00670129
7.53125,-0.0067012
7.53645833333333,-0.00670111
7.54166666666667,-0.00670101
7.546875,-0.0067009
7.55208333333333,-0.00670078
7.55729166666667,-0.00670064
7.5625,-0.00670048
7.56770833333333,-0.00670032
7.57291666666667,-0.00670014
7.578125,-0.00669996
7.58333333333333,-0.00669977
7.58854166666667,-0.00669958
7.59375,-0.0066994
7.59895833333333,-0.00669921
7.60416666666667,-0.00669903
7.609375,-0.00669884
7.61458333333333,-0.00669866
7.61979166666667,-0.00669847
7.625,-0.00669828
7.63020833333333,-0.00669808
7.63541666666667,-0.00669789
7.640625,-0.0066977
7.64583333333333,-0.00669752
7.65104166666667,-0.00669735
7.65625,-0.00669718
7.66145833333333,-0.006697
7.66666666666667,-0.00669683
7.671875,-0.00669665
7.67708333333333,-0.00669646
7.68229166666667,-0.00669626
7.6875,-0.00669605
7.69270833333333,-0.00669583
7.69791666666667,-0.00669561
7.703125,-0.00669538
7.70833333333333,-0.00669515
7.71354166666667,-0.00669494
7.71875,-0.00669472
7.72395833333333,-0.0066945
7.72916666666667,-0.00669427
7.734375,-0.00669403
7.73958333333333,-0.00669376
7.74479166666667,-0.00669348
7.75,-0.00669318
7.75520833333333,-0.00669289
7.76041666666667,-0.00669259
7.765625,-0.00669229
7.77083333333333,-0.006692
7.77604166666667,-0.00669172
7.78125,-0.00669142
7.78645833333333,-0.00669111
7.79166666666667,-0.0066908
7.796875,-0.00669048
7.80208333333333,-0.00669015
7.80729166666667,-0.00668983
7.8125,-0.0066895
7.81770833333333,-0.00668917
7.82291666666667,-0.00668884
7.828125,-0.00668851
7.83333333333333,-0.00668816
7.83854166666667,-0.00668781
7.84375,-0.00668745
7.84895833333333,-0.00668708
7.85416666666667,-0.00668671
7.859375,-0.00668635
7.86458333333333,-0.00668599
7.86979166666667,-0.00668563
7.875,-0.00668528
7.88020833333333,-0.00668493
7.88541666666667,-0.0066846
7.890625,-0.00668427
7.89583333333333,-0.00668395
7.90104166666667,-0.00668363
7.90625,-0.00668331
7.91145833333333,-0.00668298
7.91666666666667,-0.00668264
7.921875,-0.0066823
7.92708333333333,-0.00668196
7.93229166666667,-0.00668162
7.9375,-0.00668126
7.94270833333333,-0.0066809
7.94791666666667,-0.00668055
7.953125,-0.00668019
7.95833333333333,-0.00667983
7.96354166666667,-0.00667948
7.96875,-0.00667914
7.97395833333333,-0.00667881
7.97916666666667,-0.00667849
7.984375,-0.00667816
7.98958333333333,-0.00667782
7.99479166666667,-0.00667748
8,-0.00667712
8.00520833333333,-0.00667676
8.01041666666667,-0.00667639
8.015625,-0.00667601
8.02083333333333,-0.00667564
8.02604166666667,-0.00667526
8.03125,-0.00667488
8.03645833333333,-0.00667451
8.04166666666667,-0.00667413
8.046875,-0.00667376
8.05208333333333,-0.00667339
8.05729166666667,-0.00667302
8.0625,-0.00667264
8.06770833333333,-0.00667227
8.07291666666667,-0.00667189
8.078125,-0.00667151
8.08333333333333,-0.00667113
8.08854166666667,-0.00667076
8.09375,-0.00667039
8.09895833333333,-0.00667003
8.10416666666667,-0.00666968
8.109375,-0.00666933
8.11458333333333,-0.00666897
8.11979166666667,-0.00666861
8.125,-0.00666824
8.13020833333333,-0.00666787
8.13541666666667,-0.00666749
8.140625,-0.0066671
8.14583333333333,-0.00666671
8.15104166666667,-0.00666632
8.15625,-0.00666592
8.16145833333333,-0.00666553
8.16666666666667,-0.00666514
8.171875,-0.00666475
8.17708333333333,-0.00666437
8.18229166666667,-0.00666399
8.1875,-0.00666361
8.19270833333333,-0.00666323
8.19791666666667,-0.00666284
8.203125,-0.00666246
8.20833333333333,-0.00666207
8.21354166666667,-0.00666168
8.21875,-0.00666128
8.22395833333333,-0.00666087
8.22916666666667,-0.00666045
8.234375,-0.00666003
8.23958333333333,-0.0066596
8.24479166666667,-0.00665917
8.25,-0.00665876
8.25520833333333,-0.00665835
8.26041666666667,-0.00665796
8.265625,-0.00665756
8.27083333333333,-0.00665716
8.27604166666667,-0.00665676
8.28125,-0.00665634
8.28645833333333,-0.00665593
8.29166666666667,-0.0066555
8.296875,-0.00665506
8.30208333333333,-0.00665462
8.30729166666667,-0.00665418
8.3125,-0.00665372
8.31770833333333,-0.00665326
8.32291666666667,-0.00665281
8.328125,-0.00665235
8.33333333333333,-0.00665189
8.33854166666667,-0.00665143
8.34375,-0.006651
8.34895833333333,-0.00665056
8.35416666666667,-0.00665013
8.359375,-0.00664969
8.36458333333333,-0.00664927
8.36979166666667,-0.00664883
8.375,-0.00664839
8.38020833333333,-0.00664796
8.38541666666667,-0.00664754
8.390625,-0.00664712
8.39583333333333,-0.00664671
8.40104166666667,-0.0066463
8.40625,-0.00664589
8.41145833333333,-0.00664548
8.41666666666667,-0.00664506
8.421875,-0.00664463
8.42708333333333,-0.00664421
8.43229166666667,-0.00664377
8.4375,-0.00664335
8.44270833333333,-0.00664292
8.44791666666667,-0.00664249
8.453125,-0.00664204
8.45833333333333,-0.00664159
8.46354166666667,-0.00664112
8.46875,-0.00664064
8.47395833333333,-0.00664015
8.47916666666667,-0.00663967
8.484375,-0.00663918
8.48958333333333,-0.0066387
8.49479166666667,-0.00663822
8.5,-0.00663776
8.50520833333333,-0.00663731
8.51041666666667,-0.00663687
8.515625,-0.00663646
8.52083333333333,-0.00663606
8.52604166666667,-0.00663565
8.53125,-0.00663526
8.53645833333333,-0.00663485
8.54166666666667,-0.00663443
8.546875,-0.00663399
8.55208333333333,-0.00663354
8.55729166666667,-0.00663308
8.5625,-0.00663261
8.56770833333333,-0.00663213
8.57291666666667,-0.00663167
8.578125,-0.00663118
8.58333333333333,-0.00663071
8.58854166666667,-0.00663024
8.59375,-0.00662976
8.59895833333333,-0.00662928
8.60416666666667,-0.0066288
8.609375,-0.00662831
8.61458333333333,-0.00662781
8.61979166666667,-0.00662733
8.625,-0.00662685
8.63020833333333,-0.00662638
8.63541666666667,-0.00662591
8.640625,-0.00662545
8.64583333333333,-0.006625
8.65104166666667,-0.00662455
8.65625,-0.00662409
8.66145833333333,-0.00662363
8.66666666666667,-0.00662318
8.671875,-0.00662271
8.67708333333333,-0.00662223
8.68229166666667,-0.00662175
8.6875,-0.00662125
8.69270833333333,-0.00662073
8.69791666666667,-0.00662019
8.703125,-0.00661965
8.70833333333333,-0.00661911
8.71354166666667,-0.00661857
8.71875,-0.00661805
8.72395833333333,-0.00661753
8.72916666666667,-0.00661702
8.734375,-0.00661652
8.73958333333333,-0.00661601
8.74479166666667,-0.00661551
8.75,-0.00661501
8.75520833333333,-0.00661451
8.76041666666667,-0.00661402
8.765625,-0.00661352
8.77083333333333,-0.00661304
8.77604166666667,-0.00661256
8.78125,-0.00661208
8.78645833333333,-0.00661161
8.79166666666667,-0.00661116
8.796875,-0.00661072
8.80208333333333,-0.00661029
8.80729166666667,-0.00660986
8.8125,-0.00660943
8.81770833333333,-0.00660899
8.82291666666667,-0.00660855
8.828125,-0.0066081
8.83333333333333,-0.00660766
8.83854166666667,-0.00660721
8.84375,-0.00660677
8.84895833333333,-0.00660631
8.85416666666667,-0.00660585
8.859375,-0.00660538
8.86458333333333,-0.00660489
8.86979166666667,-0.00660439
8.875,-0.00660388
8.88020833333333,-0.00660335
8.88541666666667,-0.00660283
8.890625,-0.00660233
8.89583333333333,-0.00660183
8.90104166666667,-0.00660134
8.90625,-0.00660086
8.91145833333333,-0.00660038
8.91666666666667,-0.00659991
8.921875,-0.00659945
8.92708333333333,-0.00659898
8.93229166666667,-0.0065985
8.9375,-0.00659802
8.94270833333333,-0.00659754
8.94791666666667,-0.00659704
8.953125,-0.00659654
8.95833333333333,-0.00659603
8.96354166666667,-0.00659552
8.96875,-0.00659502
8.97395833333333,-0.00659452
8.97916666666667,-0.00659402
8.984375,-0.00659354
8.98958333333333,-0.00659304
8.99479166666667,-0.00659255
9,-0.00659205
9.00520833333333,-0.00659155
9.01041666666667,-0.00659105
9.015625,-0.00659054
9.02083333333333,-0.00659002
9.02604166666667,-0.0065895
9.03125,-0.00658899
9.03645833333333,-0.00658847
9.04166666666667,-0.00658796
9.046875,-0.00658745
9.05208333333333,-0.00658696
9.05729166666667,-0.00658646
9.0625,-0.00658595
9.06770833333333,-0.00658545
9.07291666666667,-0.00658495
9.078125,-0.00658445
9.08333333333333,-0.00658394
9.08854166666667,-0.00658343
9.09375,-0.00658293
9.09895833333333,-0.00658244
9.10416666666667,-0.00658194
9.109375,-0.00658145
9.11458333333333,-0.00658094
9.11979166666667,-0.00658044
9.125,-0.00657994
9.13020833333333,-0.00657945
9.13541666666667,-0.00657897
9.140625,-0.00657849
9.14583333333333,-0.00657803
9.15104166666667,-0.00657755
9.15625,-0.00657707
9.16145833333333,-0.00657659
9.16666666666667,-0.00657608
9.171875,-0.00657557
9.17708333333333,-0.00657504
9.18229166666667,-0.0065745
9.1875,-0.00657395
9.19270833333333,-0.00657339
9.19791666666667,-0.00657282
9.203125,-0.00657225
9.20833333333333,-0.00657167
9.21354166666667,-0.00657112
9.21875,-0.00657058
9.22395833333333,-0.00657006
9.22916666666667,-0.00656956
9.234375,-0.00656907
9.23958333333333,-0.0065686
9.24479166666667,-0.00656814
9.25,-0.00656769
9.25520833333333,-0.00656723
9.26041666666667,-0.00656679
9.265625,-0.00656633
9.27083333333333,-0.00656587
9.27604166666667,-0.00656539
9.28125,-0.00656491
9.28645833333333,-0.0065644
9.29166666666667,-0.0065639
9.296875,-0.00656339
9.30208333333333,-0.00656289
9.30729166666667,-0.00656239
9.3125,-0.00656189
9.31770833333333,-0.00656142
9.32291666666667,-0.00656095
9.328125,-0.00656049
9.33333333333333,-0.00656004
9.33854166666667,-0.00655958
9.34375,-0.00655912
9.34895833333333,-0.00655865
9.35416666666667,-0.00655816
9.359375,-0.00655765
9.36458333333333,-0.00655712
9.36979166666667,-0.00655659
9.375,-0.00655607
9.38020833333333,-0.00655554
9.38541666666667,-0.00655503
9.390625,-0.00655453
9.39583333333333,-0.00655403
9.40104166666667,-0.00655352
9.40625,-0.006553
9.41145833333333,-0.00655249
9.41666666666667,-0.00655196
9.421875,-0.00655144
9.42708333333333,-0.00655094
9.43229166666667,-0.00655045
9.4375,-0.00654996
9.44270833333333,-0.00654949
9.44791666666667,-0.00654902
9.453125,-0.00654856
9.45833333333333,-0.0065481
9.46354166666667,-0.00654763
9.46875,-0.00654716
9.47395833333333,-0.00654668
9.47916666666667,-0.0065462
9.484375,-0.0065457
9.48958333333333,-0.00654519
9.49479166666667,-0.00654468
9.5,-0.00654416
9.50520833333333,-0.00654363
9.51041666666667,-0.00654311
9.515625,-0.00654261
9.52083333333333,-0.00654212
9.52604166666667,-0.00654165
9.53125,-0.00654118
9.53645833333333,-0.00654074
9.54166666666667,-0.00654029
9.546875,-0.00653987
9.55208333333333,-0.00653944
9.55729166666667,-0.00653902
9.5625,-0.0065386
9.56770833333333,-0.00653818
9.57291666666667,-0.00653776
9.578125,-0.00653732
9.58333333333333,-0.00653687
9.58854166666667,-0.00653642
9.59375,-0.00653596
9.59895833333333,-0.0065355
9.60416666666667,-0.00653503
9.609375,-0.00653456
9.61458333333333,-0.00653407
9.61979166666667,-0.00653357
9.625,-0.00653305
9.63020833333333,-0.00653252
9.63541666666667,-0.00653198
9.640625,-0.00653146
9.64583333333333,-0.00653093
9.65104166666667,-0.0065304
9.65625,-0.00652989
9.66145833333333,-0.00652938
9.66666666666667,-0.00652888
9.671875,-0.00652839
9.67708333333333,-0.0065279
9.68229166666667,-0.00652742
9.6875,-0.00652694
9.69270833333333,-0.00652647
9.69791666666667,-0.00652601
9.703125,-0.00652555
9.70833333333333,-0.00652509
9.71354166666667,-0.00652464
9.71875,-0.00652418
9.72395833333333,-0.00652372
9.72916666666667,-0.00652325
9.734375,-0.00652276
9.73958333333333,-0.00652225
9.74479166666667,-0.00652172
9.75,-0.00652118
9.75520833333333,-0.00652063
9.76041666666667,-0.00652008
9.765625,-0.00651952
9.77083333333333,-0.00651898
9.77604166666667,-0.00651844
9.78125,-0.00651791
9.78645833333333,-0.00651738
9.79166666666667,-0.00651686
9.796875,-0.00651634
9.80208333333333,-0.00651582
9.80729166666667,-0.0065153
9.8125,-0.00651477
9.81770833333333,-0.00651424
9.82291666666667,-0.0065137
9.828125,-0.00651317
9.83333333333333,-0.00651263
9.83854166666667,-0.00651211
9.84375,-0.0065116
9.84895833333333,-0.00651111
9.85416666666667,-0.00651064
9.859375,-0.00651017
9.86458333333333,-0.00650971
9.86979166666667,-0.00650925
9.875,-0.00650878
9.88020833333333,-0.0065083
9.88541666666667,-0.00650781
9.890625,-0.00650732
9.89583333333333,-0.00650684
9.90104166666667,-0.00650636
9.90625,-0.00650588
9.91145833333333,-0.00650541
9.91666666666667,-0.00650494
9.921875,-0.00650447
9.92708333333333,-0.00650398
9.93229166666667,-0.0065035
9.9375,-0.00650301
9.94270833333333,-0.00650251
9.94791666666667,-0.00650202
9.953125,-0.00650153
9.95833333333333,-0.00650104
9.96354166666667,-0.00650056
9.96875,-0.00650009
9.97395833333333,-0.00649962
9.97916666666667,-0.00649916
9.984375,-0.00649869
9.98958333333333,-0.00649823
9.99479166666667,-0.00649777
10,-0.0064973
10.0052083333333,-0.00649684
10.0104166666667,-0.00649637
10.015625,-0.00649591
10.0208333333333,-0.00649543
10.0260416666667,-0.00649496
10.03125,-0.00649447
10.0364583333333,-0.00649399
10.0416666666667,-0.00649351
10.046875,-0.00649303
10.0520833333333,-0.00649256
10.0572916666667,-0.00649209
10.0625,-0.00649162
10.0677083333333,-0.00649114
10.0729166666667,-0.00649066
10.078125,-0.00649017
10.0833333333333,-0.00648967
10.0885416666667,-0.00648915
10.09375,-0.00648864
10.0989583333333,-0.00648811
10.1041666666667,-0.00648757
10.109375,-0.00648703
10.1145833333333,-0.00648647
10.1197916666667,-0.0064859
10.125,-0.00648534
10.1302083333333,-0.00648478
10.1354166666667,-0.00648423
10.140625,-0.00648372
10.1458333333333,-0.00648322
10.1510416666667,-0.00648274
10.15625,-0.00648227
10.1614583333333,-0.00648181
10.1666666666667,-0.00648134
10.171875,-0.00648087
10.1770833333333,-0.00648038
10.1822916666667,-0.00647987
10.1875,-0.00647934
10.1927083333333,-0.00647881
10.1979166666667,-0.00647827
10.203125,-0.00647772
10.2083333333333,-0.00647717
10.2135416666667,-0.00647665
10.21875,-0.00647613
10.2239583333333,-0.00647565
10.2291666666667,-0.00647518
10.234375,-0.00647472
10.2395833333333,-0.00647427
10.2447916666667,-0.00647383
10.25,-0.00647338
10.2552083333333,-0.00647294
10.2604166666667,-0.00647249
10.265625,-0.00647204
10.2708333333333,-0.0064716
10.2760416666667,-0.00647116
10.28125,-0.00647074
10.2864583333333,-0.00647031
10.2916666666667,-0.00646989
10.296875,-0.00646947
10.3020833333333,-0.00646906
10.3072916666667,-0.00646865
10.3125,-0.00646823
10.3177083333333,-0.00646782
10.3229166666667,-0.00646739
10.328125,-0.00646696
10.3333333333333,-0.00646652
10.3385416666667,-0.00646607
10.34375,-0.0064656
10.3489583333333,-0.00646512
10.3541666666667,-0.00646462
10.359375,-0.00646411
10.3645833333333,-0.0064636
10.3697916666667,-0.00646309
10.375,-0.00646258
10.3802083333333,-0.00646209
10.3854166666667,-0.00646163
10.390625,-0.00646119
10.3958333333333,-0.00646076
10.4010416666667,-0.00646034
10.40625,-0.00645993
10.4114583333333,-0.00645954
10.4166666666667,-0.00645914
10.421875,-0.00645875
10.4270833333333,-0.00645836
10.4322916666667,-0.00645797
10.4375,-0.00645757
10.4427083333333,-0.00645716
10.4479166666667,-0.00645673
10.453125,-0.00645629
10.4583333333333,-0.00645584
10.4635416666667,-0.00645537
10.46875,-0.00645489
10.4739583333333,-0.00645441
10.4791666666667,-0.00645395
10.484375,-0.00645348
10.4895833333333,-0.00645302
10.4947916666667,-0.00645259
10.5,-0.00645215
10.5052083333333,-0.00645173
10.5104166666667,-0.00645131
10.515625,-0.00645089
10.5208333333333,-0.00645048
10.5260416666667,-0.00645006
10.53125,-0.00644964
10.5364583333333,-0.00644922
10.5416666666667,-0.00644882
10.546875,-0.00644843
10.5520833333333,-0.00644803
10.5572916666667,-0.00644765
10.5625,-0.00644726
10.5677083333333,-0.00644688
10.5729166666667,-0.00644649
10.578125,-0.0064461
10.5833333333333,-0.00644572
10.5885416666667,-0.00644534
10.59375,-0.00644496
10.5989583333333,-0.00644457
10.6041666666667,-0.00644419
10.609375,-0.0064438
10.6145833333333,-0.00644341
10.6197916666667,-0.00644301
10.625,-0.0064426
10.6302083333333,-0.00644218
10.6354166666667,-0.00644177
10.640625,-0.00644134
10.6458333333333,-0.00644091
10.6510416666667,-0.00644047
10.65625,-0.00644002
10.6614583333333,-0.00643956
10.6666666666667,-0.00643909
10.671875,-0.00643862
10.6770833333333,-0.00643816
10.6822916666667,-0.0064377
10.6875,-0.00643726
10.6927083333333,-0.00643684
10.6979166666667,-0.00643642
10.703125,-0.00643602
10.7083333333333,-0.00643563
10.7135416666667,-0.00643522
10.71875,-0.00643482
10.7239583333333,-0.0064344
10.7291666666667,-0.00643398
10.734375,-0.00643355
10.7395833333333,-0.00643312
10.7447916666667,-0.00643268
10.75,-0.00643226
10.7552083333333,-0.00643184
10.7604166666667,-0.00643143
10.765625,-0.00643104
10.7708333333333,-0.00643064
10.7760416666667,-0.00643026
10.78125,-0.00642989
10.7864583333333,-0.00642951
10.7916666666667,-0.00642915
10.796875,-0.00642879
10.8020833333333,-0.00642844
10.8072916666667,-0.00642809
10.8125,-0.00642775
10.8177083333333,-0.00642741
10.8229166666667,-0.00642707
10.828125,-0.00642672
10.8333333333333,-0.00642636
10.8385416666667,-0.00642597
10.84375,-0.00642559
10.8489583333333,-0.00642519
10.8541666666667,-0.00642479
10.859375,-0.00642438
10.8645833333333,-0.00642399
10.8697916666667,-0.00642358
10.875,-0.00642317
10.8802083333333,-0.00642277
10.8854166666667,-0.00642236
10.890625,-0.00642195
10.8958333333333,-0.00642153
10.9010416666667,-0.00642109
10.90625,-0.00642066
10.9114583333333,-0.00642022
10.9166666666667,-0.00641978
10.921875,-0.00641935
10.9270833333333,-0.00641893
10.9322916666667,-0.00641852
10.9375,-0.00641813
10.9427083333333,-0.00641774
10.9479166666667,-0.00641736
10.953125,-0.00641698
10.9583333333333,-0.0064166
10.9635416666667,-0.00641622
10.96875,-0.00641583
10.9739583333333,-0.00641544
10.9791666666667,-0.00641505
10.984375,-0.00641467
10.9895833333333,-0.00641428
10.9947916666667,-0.00641389
11,-0.0064135
11.0052083333333,-0.00641312
11.0104166666667,-0.00641273
11.015625,-0.00641233
11.0208333333333,-0.00641193
11.0260416666667,-0.00641152
11.03125,-0.0064111
11.0364583333333,-0.00641069
11.0416666666667,-0.00641027
11.046875,-0.00640985
11.0520833333333,-0.00640944
11.0572916666667,-0.00640902
11.0625,-0.0064086
11.0677083333333,-0.00640817
11.0729166666667,-0.00640772
11.078125,-0.00640727
11.0833333333333,-0.00640682
11.0885416666667,-0.00640637
11.09375,-0.00640592
11.0989583333333,-0.00640548
11.1041666666667,-0.00640506
11.109375,-0.00640464
11.1145833333333,-0.00640422
11.1197916666667,-0.00640381
11.125,-0.00640341
11.1302083333333,-0.00640302
11.1354166666667,-0.00640264
11.140625,-0.00640225
11.1458333333333,-0.00640186
11.1510416666667,-0.00640147
11.15625,-0.00640109
11.1614583333333,-0.0064007
11.1666666666667,-0.00640031
11.171875,-0.00639991
11.1770833333333,-0.00639952
11.1822916666667,-0.00639913
11.1875,-0.00639874
11.1927083333333,-0.00639836
11.1979166666667,-0.00639798
11.203125,-0.00639761
11.2083333333333,-0.00639724
11.2135416666667,-0.00639687
11.21875,-0.00639651
11.2239583333333,-0.00639613
11.2291666666667,-0.00639574
11.234375,-0.00639535
11.2395833333333,-0.00639495
11.2447916666667,-0.00639453
11.25,-0.00639411
11.2552083333333,-0.00639369
11.2604166666667,-0.00639327
11.265625,-0.00639286
11.2708333333333,-0.00639245
11.2760416666667,-0.00639203
11.28125,-0.00639161
11.2864583333333,-0.00639119
11.2916666666667,-0.00639077
11.296875,-0.00639035
11.3020833333333,-0.00638993
11.3072916666667,-0.00638952
11.3125,-0.00638913
11.3177083333333,-0.00638874
11.3229166666667,-0.00638837
11.328125,-0.00638801
11.3333333333333,-0.00638765
11.3385416666667,-0.0063873
11.34375,-0.00638697
11.3489583333333,-0.00638664
11.3541666666667,-0.0063863
11.359375,-0.00638597
11.3645833333333,-0.00638564
11.3697916666667,-0.0063853
11.375,-0.00638495
11.3802083333333,-0.00638459
11.3854166666667,-0.00638421
11.390625,-0.00638381
11.3958333333333,-0.0063834
11.4010416666667,-0.00638297
11.40625,-0.00638254
11.4114583333333,-0.0063821
11.4166666666667,-0.00638165
11.421875,-0.00638121
11.4270833333333,-0.00638078
11.4322916666667,-0.00638035
11.4375,-0.00637993
11.4427083333333,-0.00637951
11.4479166666667,-0.00637909
11.453125,-0.00637868
11.4583333333333,-0.00637828
11.4635416666667,-0.00637788
11.46875,-0.00637748
11.4739583333333,-0.0063771
11.4791666666667,-0.00637671
11.484375,-0.00637633
11.4895833333333,-0.00637595
11.4947916666667,-0.00637557
11.5,-0.00637519
11.5052083333333,-0.00637481
11.5104166666667,-0.00637444
11.515625,-0.00637407
11.5208333333333,-0.0063737
11.5260416666667,-0.00637333
11.53125,-0.00637296
11.5364583333333,-0.00637258
11.5416666666667,-0.00637219
11.546875,-0.00637181
11.5520833333333,-0.00637142
11.5572916666667,-0.00637103
11.5625,-0.00637065
11.5677083333333,-0.00637027
11.5729166666667,-0.00636989
11.578125,-0.00636951
11.5833333333333,-0.00636913
11.5885416666667,-0.00636874
11.59375,-0.00636834
11.5989583333333,-0.00636794
11.6041666666667,-0.00636755
11.609375,-0.00636715
11.6145833333333,-0.00636677
11.6197916666667,-0.00636639
11.625,-0.00636601
11.6302083333333,-0.00636566
11.6354166666667,-0.00636531
11.640625,-0.00636497
11.6458333333333,-0.00636463
11.6510416666667,-0.0063643
11.65625,-0.00636395
11.6614583333333,-0.00636359
11.6666666666667,-0.00636322
11.671875,-0.00636284
11.6770833333333,-0.00636246
11.6822916666667,-0.00636207
11.6875,-0.0063617
11.6927083333333,-0.00636132
11.6979166666667,-0.00636094
11.703125,-0.00636055
11.7083333333333,-0.00636016
11.7135416666667,-0.00635978
11.71875,-0.00635939
11.7239583333333,-0.00635902
11.7291666666667,-0.00635865
11.734375,-0.00635828
11.7395833333333,-0.0063579
11.7447916666667,-0.00635753
11.75,-0.00635714
11.7552083333333,-0.00635676
11.7604166666667,-0.00635638
11.765625,-0.006356
11.7708333333333,-0.00635562
11.7760416666667,-0.00635526
11.78125,-0.00635489
11.7864583333333,-0.00635453
11.7916666666667,-0.00635418
11.796875,-0.00635381
11.8020833333333,-0.00635343
11.8072916666667,-0.00635304
11.8125,-0.00635264
11.8177083333333,-0.00635223
11.8229166666667,-0.00635181
11.828125,-0.0063514
11.8333333333333,-0.00635099
11.8385416666667,-0.00635059
11.84375,-0.0063502
11.8489583333333,-0.00634983
11.8541666666667,-0.00634945
11.859375,-0.00634909
11.8645833333333,-0.00634873
11.8697916666667,-0.00634837
11.875,-0.00634802
11.8802083333333,-0.00634766
11.8854166666667,-0.0063473
11.890625,-0.00634695
11.8958333333333,-0.00634659
11.9010416666667,-0.00634622
11.90625,-0.00634585
11.9114583333333,-0.00634548
11.9166666666667,-0.00634512
11.921875,-0.00634474
11.9270833333333,-0.00634436
11.9322916666667,-0.00634397
11.9375,-0.00634359
11.9427083333333,-0.0063432
11.9479166666667,-0.00634281
11.953125,-0.00634241
11.9583333333333,-0.00634203
11.9635416666667,-0.00634163
11.96875,-0.00634126
11.9739583333333,-0.00634088
11.9791666666667,-0.00634053
11.984375,-0.00634018
11.9895833333333,-0.00633985
11.9947916666667,-0.00633952
12,-0.0063392
12.0052083333333,-0.00633888
12.0104166666667,-0.00633856
12.015625,-0.00633824
12.0208333333333,-0.00633793
12.0260416666667,-0.00633762
12.03125,-0.00633731
12.0364583333333,-0.006337
12.0416666666667,-0.00633669
12.046875,-0.00633636
12.0520833333333,-0.00633603
12.0572916666667,-0.00633569
12.0625,-0.00633533
12.0677083333333,-0.00633497
12.0729166666667,-0.00633462
12.078125,-0.00633427
12.0833333333333,-0.00633391
12.0885416666667,-0.00633357
12.09375,-0.00633323
12.0989583333333,-0.00633289
12.1041666666667,-0.00633255
12.109375,-0.00633221
12.1145833333333,-0.00633186
12.1197916666667,-0.00633152
12.125,-0.00633118
12.1302083333333,-0.00633083
12.1354166666667,-0.0063305
12.140625,-0.00633015
12.1458333333333,-0.00632981
12.1510416666667,-0.00632947
12.15625,-0.00632913
12.1614583333333,-0.00632878
12.1666666666667,-0.00632843
12.171875,-0.00632808
12.1770833333333,-0.00632773
12.1822916666667,-0.00632738
12.1875,-0.00632704
12.1927083333333,-0.00632671
12.1979166666667,-0.00632638
12.203125,-0.00632606
12.2083333333333,-0.00632575
12.2135416666667,-0.00632543
12.21875,-0.00632512
12.2239583333333,-0.00632481
12.2291666666667,-0.00632447
12.234375,-0.00632413
12.2395833333333,-0.00632378
12.2447916666667,-0.00632341
12.25,-0.00632305
12.2552083333333,-0.00632268
12.2604166666667,-0.00632232
12.265625,-0.00632196
12.2708333333333,-0.0063216
12.2760416666667,-0.00632124
12.28125,-0.00632091
12.2864583333333,-0.00632057
12.2916666666667,-0.00632024
12.296875,-0.00631991
12.3020833333333,-0.00631959
12.3072916666667,-0.00631926
12.3125,-0.00631892
12.3177083333333,-0.00631857
12.3229166666667,-0.00631821
12.328125,-0.00631783
12.3333333333333,-0.00631745
12.3385416666667,-0.00631705
12.34375,-0.00631665
12.3489583333333,-0.00631625
12.3541666666667,-0.00631587
12.359375,-0.00631549
12.3645833333333,-0.00631514
12.3697916666667,-0.0063148
12.375,-0.00631448
12.3802083333333,-0.00631418
12.3854166666667,-0.0063139
12.390625,-0.00631362
12.3958333333333,-0.00631335
12.4010416666667,-0.00631308
12.40625,-0.00631279
12.4114583333333,-0.0063125
12.4166666666667,-0.00631221
12.421875,-0.00631192
12.4270833333333,-0.00631164
12.4322916666667,-0.00631136
12.4375,-0.00631108
12.4427083333333,-0.00631081
12.4479166666667,-0.00631052
12.453125,-0.00631024
12.4583333333333,-0.00630994
12.4635416666667,-0.00630964
12.46875,-0.00630932
12.4739583333333,-0.006309
12.4791666666667,-0.00630865
12.484375,-0.00630832
12.4895833333333,-0.00630798
12.4947916666667,-0.00630765
12.5,-0.00630731
12.5052083333333,-0.00630698
12.5104166666667,-0.00630664
12.515625,-0.00630632
12.5208333333333,-0.00630599
12.5260416666667,-0.00630565
12.53125,-0.00630532
12.5364583333333,-0.00630499
12.5416666666667,-0.00630465
12.546875,-0.00630432
12.5520833333333,-0.00630399
12.5572916666667,-0.00630366
12.5625,-0.00630334
12.5677083333333,-0.00630302
12.5729166666667,-0.0063027
12.578125,-0.00630238
12.5833333333333,-0.00630206
12.5885416666667,-0.00630173
12.59375,-0.0063014
12.5989583333333,-0.00630107
12.6041666666667,-0.00630074
12.609375,-0.00630042
12.6145833333333,-0.0063001
12.6197916666667,-0.00629977
12.625,-0.00629945
12.6302083333333,-0.00629913
12.6354166666667,-0.00629881
12.640625,-0.0062985
12.6458333333333,-0.00629818
12.6510416666667,-0.00629785
12.65625,-0.00629752
12.6614583333333,-0.00629718
12.6666666666667,-0.00629683
12.671875,-0.00629648
12.6770833333333,-0.00629615
12.6822916666667,-0.00629582
12.6875,-0.00629552
12.6927083333333,-0.00629523
12.6979166666667,-0.00629495
12.703125,-0.00629468
12.7083333333333,-0.00629441
12.7135416666667,-0.00629414
12.71875,-0.00629385
12.7239583333333,-0.00629357
12.7291666666667,-0.00629329
12.734375,-0.00629301
12.7395833333333,-0.00629272
12.7447916666667,-0.00629242
12.75,-0.00629211
12.7552083333333,-0.00629179
12.7604166666667,-0.00629146
12.765625,-0.00629113
12.7708333333333,-0.00629081
12.7760416666667,-0.00629048
12.78125,-0.00629018
12.7864583333333,-0.00628987
12.7916666666667,-0.00628958
12.796875,-0.0062893
12.8020833333333,-0.00628902
12.8072916666667,-0.00628876
12.8125,-0.00628849
12.8177083333333,-0.00628823
12.8229166666667,-0.00628798
12.828125,-0.00628772
12.8333333333333,-0.00628747
12.8385416666667,-0.0062872
12.84375,-0.00628694
12.8489583333333,-0.00628666
12.8541666666667,-0.00628639
12.859375,-0.0062861
12.8645833333333,-0.0062858
12.8697916666667,-0.00628549
12.875,-0.00628518
12.8802083333333,-0.00628485
12.8854166666667,-0.00628452
12.890625,-0.00628418
12.8958333333333,-0.00628384
12.9010416666667,-0.00628351
12.90625,-0.00628317
12.9114583333333,-0.00628283
12.9166666666667,-0.00628249
12.921875,-0.00628216
12.9270833333333,-0.00628184
12.9322916666667,-0.00628151
12.9375,-0.00628119
12.9427083333333,-0.00628087
12.9479166666667,-0.00628056
12.953125,-0.00628024
12.9583333333333,-0.00627993
12.9635416666667,-0.00627962
12.96875,-0.00627932
12.9739583333333,-0.00627903
12.9791666666667,-0.00627875
12.984375,-0.00627848
12.9895833333333,-0.00627821
12.9947916666667,-0.00627795
13,-0.00627771
13.0052083333333,-0.00627747
13.0104166666667,-0.00627724
13.015625,-0.00627702
13.0208333333333,-0.00627679
13.0260416666667,-0.00627656
13.03125,-0.00627632
13.0364583333333,-0.00627605
13.0416666666667,-0.00627576
13.046875,-0.00627545
13.0520833333333,-0.00627512
13.0572916666667,-0.00627478
13.0625,-0.00627444
13.0677083333333,-0.00627409
13.0729166666667,-0.00627376
13.078125,-0.00627341
13.0833333333333,-0.00627309
13.0885416666667,-0.00627277
13.09375,-0.00627246
13.0989583333333,-0.00627214
13.1041666666667,-0.00627184
13.109375,-0.00627154
13.1145833333333,-0.00627125
13.1197916666667,-0.00627094
13.125,-0.00627063
13.1302083333333,-0.00627032
13.1354166666667,-0.00626999
13.140625,-0.00626967
13.1458333333333,-0.00626935
13.1510416666667,-0.00626903
13.15625,-0.00626872
13.1614583333333,-0.00626842
13.1666666666667,-0.00626811
13.171875,-0.00626781
13.1770833333333,-0.00626751
13.1822916666667,-0.00626721
13.1875,-0.00626692
13.1927083333333,-0.00626663
13.1979166666667,-0.00626635
13.203125,-0.00626606
13.2083333333333,-0.00626577
13.2135416666667,-0.00626549
13.21875,-0.00626521
13.2239583333333,-0.00626492
13.2291666666667,-0.00626464
13.234375,-0.00626437
13.2395833333333,-0.00626411
13.2447916666667,-0.00626384
13.25,-0.00626358
13.2552083333333,-0.00626332
13.2604166666667,-0.00626307
13.265625,-0.00626283
13.2708333333333,-0.00626258
13.2760416666667,-0.00626234
13.28125,-0.0062621
13.2864583333333,-0.00626186
13.2916666666667,-0.00626161
13.296875,-0.00626136
13.3020833333333,-0.00626111
13.3072916666667,-0.00626086
13.3125,-0.00626061
13.3177083333333,-0.00626037
13.3229166666667,-0.00626012
13.328125,-0.00625989
13.3333333333333,-0.00625964
13.3385416666667,-0.0062594
13.34375,-0.00625917
13.3489583333333,-0.00625895
13.3541666666667,-0.00625873
13.359375,-0.00625853
13.3645833333333,-0.00625834
13.3697916666667,-0.00625816
13.375,-0.00625799
13.3802083333333,-0.00625782
13.3854166666667,-0.00625764
13.390625,-0.00625745
13.3958333333333,-0.00625725
13.4010416666667,-0.00625703
13.40625,-0.0062568
13.4114583333333,-0.00625654
13.4166666666667,-0.00625629
13.421875,-0.00625601
13.4270833333333,-0.00625574
13.4322916666667,-0.00625546
13.4375,-0.00625519
13.4427083333333,-0.0062549
13.4479166666667,-0.00625461
13.453125,-0.00625432
13.4583333333333,-0.00625403
13.4635416666667,-0.00625374
13.46875,-0.00625346
13.4739583333333,-0.0062532
13.4791666666667,-0.00625294
13.484375,-0.00625268
13.4895833333333,-0.00625242
13.4947916666667,-0.00625216
13.5,-0.0062519
13.5052083333333,-0.00625164
13.5104166666667,-0.00625139
13.515625,-0.00625116
13.5208333333333,-0.00625094
13.5260416666667,-0.00625071
13.53125,-0.00625051
13.5364583333333,-0.0062503
13.5416666666667,-0.0062501
13.546875,-0.00624989
13.5520833333333,-0.00624969
13.5572916666667,-0.00624949
13.5625,-0.00624927
13.5677083333333,-0.00624903
13.5729166666667,-0.00624879
13.578125,-0.00624855
13.5833333333333,-0.0062483
13.5885416666667,-0.00624805
13.59375,-0.0062478
13.5989583333333,-0.00624755
13.6041666666667,-0.0062473
13.609375,-0.00624706
13.6145833333333,-0.0062468
13.6197916666667,-0.00624653
13.625,-0.00624626
13.6302083333333,-0.00624597
13.6354166666667,-0.00624566
13.640625,-0.00624534
13.6458333333333,-0.00624502
13.6510416666667,-0.0062447
13.65625,-0.00624438
13.6614583333333,-0.00624408
13.6666666666667,-0.00624378
13.671875,-0.00624351
13.6770833333333,-0.00624325
13.6822916666667,-0.006243
13.6875,-0.00624276
13.6927083333333,-0.00624253
13.6979166666667,-0.0062423
13.703125,-0.00624209
13.7083333333333,-0.00624188
13.7135416666667,-0.00624166
13.71875,-0.00624145
13.7239583333333,-0.00624123
13.7291666666667,-0.006241
13.734375,-0.00624077
13.7395833333333,-0.00624052
13.7447916666667,-0.00624028
13.75,-0.00624003
13.7552083333333,-0.00623979
13.7604166666667,-0.00623954
13.765625,-0.00623928
13.7708333333333,-0.00623902
13.7760416666667,-0.00623876
13.78125,-0.00623848
13.7864583333333,-0.0062382
13.7916666666667,-0.00623792
13.796875,-0.00623763
13.8020833333333,-0.00623735
13.8072916666667,-0.00623706
13.8125,-0.00623678
13.8177083333333,-0.0062365
13.8229166666667,-0.00623623
13.828125,-0.00623596
13.8333333333333,-0.0062357
13.8385416666667,-0.00623545
13.84375,-0.00623521
13.8489583333333,-0.00623497
13.8541666666667,-0.00623474
13.859375,-0.00623452
13.8645833333333,-0.00623429
13.8697916666667,-0.00623405
13.875,-0.0062338
13.8802083333333,-0.00623353
13.8854166666667,-0.00623326
13.890625,-0.00623298
13.8958333333333,-0.00623269
13.9010416666667,-0.00623241
13.90625,-0.00623213
13.9114583333333,-0.00623187
13.9166666666667,-0.00623161
13.921875,-0.00623136
13.9270833333333,-0.00623112
13.9322916666667,-0.00623088
13.9375,-0.00623064
13.9427083333333,-0.0062304
13.9479166666667,-0.00623014
13.953125,-0.00622988
13.9583333333333,-0.00622961
13.9635416666667,-0.00622934
13.96875,-0.00622907
13.9739583333333,-0.00622881
13.9791666666667,-0.00622855
13.984375,-0.00622828
13.9895833333333,-0.00622801
13.9947916666667,-0.00622773
14,-0.00622744
14.0052083333333,-0.00622715
14.0104166666667,-0.00622685
14.015625,-0.00622656
14.0208333333333,-0.00622627
14.0260416666667,-0.00622599
14.03125,-0.00622571
14.0364583333333,-0.00622545
14.0416666666667,-0.0062252
14.046875,-0.00622496
14.0520833333333,-0.00622473
14.0572916666667,-0.00622451
14.0625,-0.0062243
14.0677083333333,-0.00622409
14.0729166666667,-0.00622388
14.078125,-0.00622367
14.0833333333333,-0.00622345
14.0885416666667,-0.00622323
14.09375,-0.00622301
14.0989583333333,-0.00622277
14.1041666666667,-0.00622253
14.109375,-0.00622229
14.1145833333333,-0.00622204
14.1197916666667,-0.00622181
14.125,-0.00622158
14.1302083333333,-0.00622135
14.1354166666667,-0.00622113
14.140625,-0.00622091
14.1458333333333,-0.00622068
14.1510416666667,-0.00622045
14.15625,-0.00622021
14.1614583333333,-0.00621999
14.1666666666667,-0.00621977
14.171875,-0.00621955
14.1770833333333,-0.00621935
14.1822916666667,-0.00621915
14.1875,-0.00621897
14.1927083333333,0.00621859
14.1979166666667,0.00621839
14.203125,0.00621818
14.2083333333333,0.00621796
14.2135416666667,0.00621774
14.21875,0.00621751
14.2239583333333,0.00621728
14.2291666666667,0.00621707
14.234375,0.00621686
14.2395833333333,0.00621668
14.2447916666667,0.0062165
14.25,0.00621633
14.2552083333333,0.00621617
14.2604166666667,0.00621601
14.265625,0.00621584
14.2708333333333,0.00621567
14.2760416666667,0.00621548
14.28125,0.00621529
14.2864583333333,0.00621509
14.2916666666667,0.00621489
14.296875,0.00621469
14.3020833333333,0.00621451
14.3072916666667,0.00621434
14.3125,0.00621418
14.3177083333333,0.00621402
14.3229166666667,0.00621386
14.328125,0.0062137
14.3333333333333,0.00621353
14.3385416666667,0.00621336
14.34375,0.00621318
14.3489583333333,0.006213
14.3541666666667,0.00621282
14.359375,0.00621264
14.3645833333333,0.00621245
14.3697916666667,0.00621228
14.375,0.0062121
14.3802083333333,0.00621192
14.3854166666667,0.00621173
14.390625,0.00621153
14.3958333333333,0.00621132
14.4010416666667,0.00621108
14.40625,0.00621084
14.4114583333333,0.00621057
14.4166666666667,0.0062103
14.421875,0.00621003
14.4270833333333,0.00620977
14.4322916666667,0.00620952
14.4375,0.00620927
14.4427083333333,0.00620904
14.4479166666667,0.0062088
14.453125,0.00620858
14.4583333333333,0.00620836
14.4635416666667,0.00620814
14.46875,0.00620794
14.4739583333333,0.00620774
14.4791666666667,0.00620754
14.484375,0.00620737
14.4895833333333,0.00620719
14.4947916666667,0.006207
14.5,0.00620682
14.5052083333333,0.00620664
14.5104166666667,0.00620645
14.515625,0.00620626
14.5208333333333,0.00620606
14.5260416666667,0.00620588
14.53125,0.00620569
14.5364583333333,0.00620552
14.5416666666667,0.00620534
14.546875,0.00620516
14.5520833333333,0.006205
14.5572916666667,0.00620483
14.5625,0.00620466
14.5677083333333,0.00620448
14.5729166666667,0.0062043
14.578125,0.00620411
14.5833333333333,0.00620391
14.5885416666667,0.0062037
14.59375,0.0062035
14.5989583333333,0.00620328
14.6041666666667,0.00620307
14.609375,0.00620285
14.6145833333333,0.00620264
14.6197916666667,0.00620242
14.625,0.00620221
14.6302083333333,0.006202
14.6354166666667,0.00620179
14.640625,0.0062016
14.6458333333333,0.00620141
14.6510416666667,0.00620124
14.65625,0.00620108
14.6614583333333,0.00620092
14.6666666666667,0.00620078
14.671875,0.00620064
14.6770833333333,0.00620049
14.6822916666667,0.00620035
14.6875,0.0062002
14.6927083333333,0.00620004
14.6979166666667,0.00619987
14.703125,0.00619969
14.7083333333333,0.0061995
14.7135416666667,0.00619928
14.71875,0.00619908
14.7239583333333,0.00619886
14.7291666666667,0.00619864
14.734375,0.00619842
14.7395833333333,0.00619821
14.7447916666667,0.006198
14.75,0.0061978
14.7552083333333,0.0061976
14.7604166666667,0.0061974
14.765625,0.0061972
14.7708333333333,0.00619699
14.7760416666667,0.00619677
14.78125,0.00619654
14.7864583333333,0.0061963
14.7916666666667,0.00619606
14.796875,0.00619581
14.8020833333333,0.00619557
14.8072916666667,0.00619532
14.8125,0.00619508
14.8177083333333,0.00619484
14.8229166666667,0.00619461
14.828125,0.00619439
14.8333333333333,0.00619416
14.8385416666667,0.00619394
14.84375,0.00619371
14.8489583333333,0.00619348
14.8541666666667,0.00619325
14.859375,0.00619302
14.8645833333333,0.0061928
14.8697916666667,0.00619258
14.875,0.00619239
14.8802083333333,0.0061922
14.8854166666667,0.00619202
14.890625,0.00619185
14.8958333333333,0.00619167
14.9010416666667,0.00619148
14.90625,0.00619128
14.9114583333333,0.00619108
14.9166666666667,0.00619088
14.921875,0.00619067
14.9270833333333,0.00619046
14.9322916666667,0.00619025
14.9375,0.00619005
14.9427083333333,0.00618986
14.9479166666667,0.00618967
14.953125,0.00618949
14.9583333333333,0.00618931
14.9635416666667,0.00618913
14.96875,0.00618893
14.9739583333333,0.00618874
14.9791666666667,0.00618853
14.984375,0.00618832
14.9895833333333,0.00618811
14.9947916666667,0.0061879
15,0.00618769
15.0052083333333,0.00618748
15.0104166666667,0.00618727
15.015625,0.00618705
15.0208333333333,0.00618683
15.0260416666667,0.00618661
15.03125,0.00618638
15.0364583333333,0.00618616
15.0416666666667,0.00618593
15.046875,0.0061857
15.0520833333333,0.00618547
15.0572916666667,0.00618526
15.0625,0.00618505
15.0677083333333,0.00618485
15.0729166666667,0.00618466
15.078125,0.00618447
15.0833333333333,0.00618428
15.0885416666667,0.0061841
15.09375,0.00618392
15.0989583333333,0.00618373
15.1041666666667,0.00618352
15.109375,0.0061833
15.1145833333333,0.00618307
15.1197916666667,0.00618282
15.125,0.00618256
15.1302083333333,0.00618231
15.1354166666667,0.00618207
15.140625,0.00618185
15.1458333333333,0.00618162
15.1510416666667,0.00618142
15.15625,0.00618122
15.1614583333333,0.00618103
15.1666666666667,0.00618084
15.171875,0.00618066
15.1770833333333,0.00618048
15.1822916666667,0.00618031
15.1875,0.00618015
15.1927083333333,0.00618
15.1979166666667,0.00617986
15.203125,0.00617973
15.2083333333333,0.0061796
15.2135416666667,0.00617948
15.21875,0.00617935
15.2239583333333,0.00617923
15.2291666666667,0.0061791
15.234375,0.00617897
15.2395833333333,0.00617885
15.2447916666667,0.00617873
15.25,0.00617862
15.2552083333333,0.0061785
15.2604166666667,0.00617839
15.265625,0.00617826
15.2708333333333,0.00617812
15.2760416666667,0.00617797
15.28125,0.0061778
15.2864583333333,0.00617762
15.2916666666667,0.00617743
15.296875,0.00617723
15.3020833333333,0.006177
15.3072916666667,0.00617678
15.3125,0.00617655
15.3177083333333,0.00617631
15.3229166666667,0.00617609
15.328125,0.00617586
15.3333333333333,0.00617565
15.3385416666667,0.00617544
15.34375,0.00617524
15.3489583333333,0.00617505
15.3541666666667,0.00617486
15.359375,0.00617466
15.3645833333333,0.00617446
15.3697916666667,0.00617424
15.375,0.00617402
15.3802083333333,0.00617381
15.3854166666667,0.0061736
15.390625,0.00617342
15.3958333333333,0.00617326
15.4010416666667,0.00617311
15.40625,0.00617297
15.4114583333333,0.00617284
15.4166666666667,0.00617272
15.421875,0.00617259
15.4270833333333,0.00617246
15.4322916666667,0.00617231
15.4375,0.00617216
15.4427083333333,0.00617201
15.4479166666667,0.00617185
15.453125,0.0061717
15.4583333333333,0.00617154
15.4635416666667,0.00617139
15.46875,0.00617124
15.4739583333333,0.00617109
15.4791666666667,0.00617093
15.484375,0.00617076
15.4895833333333,0.00617059
15.4947916666667,0.00617039
15.5,0.00617019
15.5052083333333,0.00616997
15.5104166666667,0.00616973
15.515625,0.00616951
15.5208333333333,0.00616926
15.5260416666667,0.00616903
15.53125,0.00616881
15.5364583333333,0.0061686
15.5416666666667,0.00616841
15.546875,0.00616824
15.5520833333333,0.00616807
15.5572916666667,0.00616791
15.5625,0.00616776
15.5677083333333,0.0061676
15.5729166666667,0.00616744
15.578125,0.00616728
15.5833333333333,0.00616711
15.5885416666667,0.00616693
15.59375,0.00616674
15.5989583333333,0.00616653
15.6041666666667,0.00616633
15.609375,0.0061661
15.6145833333333,0.00616588
15.6197916666667,0.00616564
15.625,0.0061654
15.6302083333333,0.00616517
15.6354166666667,0.00616493
15.640625,0.00616471
15.6458333333333,0.00616449
15.6510416666667,0.00616428
15.65625,0.00616407
15.6614583333333,0.00616388
15.6666666666667,0.0061637
15.671875,0.00616354
15.6770833333333,0.00616339
15.6822916666667,0.00616326
15.6875,0.00616314
15.6927083333333,0.00616304
15.6979166666667,0.00616294
15.703125,0.00616285
15.7083333333333,0.00616277
15.7135416666667,0.00616267
15.71875,0.00616258
15.7239583333333,0.00616248
15.7291666666667,0.00616236
15.734375,0.00616225
15.7395833333333,0.00616213
15.7447916666667,0.00616199
15.75,0.00616184
15.7552083333333,0.00616168
15.7604166666667,0.00616152
15.765625,0.00616134
15.7708333333333,0.00616116
15.7760416666667,0.00616097
15.78125,0.00616079
15.7864583333333,0.00616062
15.7916666666667,0.00616047
15.796875,0.00616031
15.8020833333333,0.00616017
15.8072916666667,0.00616002
15.8125,0.00615988
15.8177083333333,0.00615974
15.8229166666667,0.00615961
15.828125,0.00615948
15.8333333333333,0.00615935
15.8385416666667,0.00615924
15.84375,0.00615914
15.8489583333333,0.00615905
15.8541666666667,0.00615896
15.859375,0.00615886
15.8645833333333,0.00615874
15.8697916666667,0.00615861
15.875,0.00615848
15.8802083333333,0.00615833
15.8854166666667,0.00615817
15.890625,0.006158
15.8958333333333,0.00615783
15.9010416666667,0.00615766
15.90625,0.00615749
15.9114583333333,0.00615733
15.9166666666667,0.00615717
15.921875,0.00615702
15.9270833333333,0.00615686
15.9322916666667,0.00615673
15.9375,0.0061566
15.9427083333333,0.00615647
15.9479166666667,0
15.953125,0
15.9583333333333,0
15.9635416666667,0
15.96875,0
15.9739583333333,0
15.9791666666667,0
15.984375,0
15.9895833333333,0
15.9947916666667,0
16,0
16.0052083333333,0
16.0104166666667,0
16.015625,0
16.0208333333333,0
16.0260416666667,0
16.03125,0
16.0364583333333,0
16.0416666666667,0
16.046875,0
16.0520833333333,0
16.0572916666667,0
16.0625,0
16.0677083333333,0
16.0729166666667,0
16.078125,0
16.0833333333333,0
16.0885416666667,0
16.09375,0
16.0989583333333,0
16.1041666666667,0
16.109375,0
16.1145833333333,0
16.1197916666667,0
16.125,0
16.1302083333333,0
16.1354166666667,0
16.140625,0
16.1458333333333,0
16.1510416666667,0
16.15625,0
16.1614583333333,0
16.1666666666667,0
16.171875,0
16.1770833333333,0
16.1822916666667,0
16.1875,0
16.1927083333333,0
16.1979166666667,0
16.203125,0
16.2083333333333,0
16.2135416666667,0
16.21875,0
16.2239583333333,0
16.2291666666667,0
16.234375,0
16.2395833333333,0
16.2447916666667,0
16.25,0
16.2552083333333,0
16.2604166666667,0
16.265625,0
16.2708333333333,0
16.2760416666667,0
16.28125,0
16.2864583333333,0
16.2916666666667,0
16.296875,0
16.3020833333333,0
16.3072916666667,0
16.3125,0
16.3177083333333,0
16.3229166666667,0
16.328125,0
16.3333333333333,0
16.3385416666667,0
16.34375,0
16.3489583333333,0
16.3541666666667,0
16.359375,0
16.3645833333333,0
16.3697916666667,0
16.375,0
16.3802083333333,0
16.3854166666667,0
16.390625,0
16.3958333333333,0
16.4010416666667,0
16.40625,0
16.4114583333333,0
16.4166666666667,0
16.421875,0
16.4270833333333,0
16.4322916666667,0
16.4375,0
16.4427083333333,0
16.4479166666667,0
16.453125,0
16.4583333333333,0
16.4635416666667,0
16.46875,0
16.4739583333333,0
16.4791666666667,0
16.484375,0
16.4895833333333,0
16.4947916666667,0
16.5,0
16.5052083333333,0
16.5104166666667,0
16.515625,0
16.5208333333333,0
16.5260416666667,0
16.53125,0
16.5364583333333,0
16.5416666666667,0
16.546875,0
16.5520833333333,0
16.5572916666667,0
16.5625,0
16.5677083333333,0
16.5729166666667,0
16.578125,0
16.5833333333333,0
16.5885416666667,0
16.59375,0
16.5989583333333,0
16.6041666666667,0
16.609375,0
16.6145833333333,0
16.6197916666667,0
16.625,0
16.6302083333333,0
16.6354166666667,0
16.640625,0
16.6458333333333,0
16.6510416666667,0
16.65625,0
16.6614583333333,0
16.6666666666667,0
